Code	Name UZ	Name RU	Номер формы 	
docum-0001-00001	003 Statsionar bemorning tibbiy kartasi №	003 Медицинская карта стационарного больного №	003*	For Composition
docum-0001-00002	003-1-Homiladorlikni vaqtidan oldin tugatish kartasi	003-1-Карта прерывания беременности	003-1*	Doc
docum-0001-00003	005-Reanimatsiya (xona) va intensiv terapiya boʻlimidagi bemorni dinamik kuzatuv kartasi	005-Карта динамического наблюдения больного в реанимационной палате и отделении интенсивной терапии	005*	
docum-0001-00004	025-Ambulator tibbiy karta	025-Амбулаторная медицинская карта	025*	
docum-0001-00005	027-1 Yomon sifatli oʻsma xastaligi bor shifoxona (kartasi/ma'lumotnomasi)	027-1 Стационарная карта (запись) больного злокачественным новообразованием	027-1*	
docum-0001-00006	030-1 Ruhiy kasalligi bor bemorning dispanser kuzatuv nazorat kartasi	030-1 Контрольная карта диспансерного наблюдения больного с психическим заболеванием	030-1*	
docum-0001-00007	030-3 Dispanser kuzatuv (onko) nazorat kartasi	030-3 Контрольная карта диспансерного наблюдения (онко)	030-3*	
docum-0001-00008	030-4 Sil kasaliga qarshi muassasa kontingentini dispanser kuzatuv nazorat kartasi	030-4 Контрольная карта диспансерного наблюдения контингента противотуберкулезного учреждения	030-4*	
docum-0001-00009	030-Dispanser kuzatuvi nazorat kartasi	030-Контрольная карта диспансерного наблюдения	030*	
docum-0001-00010	031-1-Fizioterapiya boʻlimida davolanaygan patsiyentning kartasi	031-1-Карта пациента, проходящего лечение в физиотерапевтическом отделении	031-1*	
docum-0001-00011	045-Antirabik yordamga murojaat qilgan shaxsning kartasi	045-Карта лица, обратившегося за антирабической помощью	045*	
docum-0001-00012	053-Harbiy xizmatga chaqiriluvchining davolanish kartasi	053-Карта лечения призывника на военную службу	053*	
docum-0001-00013	062-Chaqiriq kartasi (old va orqa tomoni)	062-Карта вызова скорой помощи (лицевая и оборотная стороны)	062*	
docum-0001-00014	063-Profilaktik emlash kartasi	063-Карта профилактических прививок	063*	
docum-0001-00015	066-1 Ruhiy kasalliklar (narkologik) shifoxonasidan chiqarilgan bemorning statistik kartasi	066-1 Статистическая карта больного, выписанного из психиатрической (наркологической) больницы	066-1*	
docum-0001-00016	066-Shifoxonadan chiqarilganlarning statistik kartasi	066-Статистическая карта выбывшего из стационара	066*	
docum-0001-00017	086-2 Qariyalar va nogironlik olganlar (kartasi/hisobi)	086-2 Карта (учет) престарелых и инвалидов	086-2*	
docum-0001-00018	096-Tugʻruq tibbiy kartasi	096-Медицинская карта родов	096*	
docum-0001-00019	097-Chaqaloqning rivojlanish tibbiy kartasi	097-Медицинская карта развития новорожденного	097*	
docum-0001-00020	110-Irsiy-genetik kasallik bilan bemorning ambulator kartasi	110-Амбулаторная карта больного с наследственным генетическим заболеванием	110*	
docum-0001-00021	111-Homilador va tuqqan ayolning individual kartasi	111-Индивидуальная карта беременной и родильницы	111*	
docum-0001-00022	112-Irsiy-genetik kasallik bilan bemorning dispanser kuzatuv genetik kartasi	112-Диспансерная генетическая карта больного с наследственным генетическим заболеванием	112*	
docum-0001-00023	113-Ambulatoriya-poliklinika muassasasi va tugʻruq boʻlimining almashish kartasi	113-Обменная карта амбулаторно-поликлинического учреждения и родильного отделения	113*	
docum-0001-00024	113-Ambulatoriya-poliklinika muassasasi va tugʻruq boʻlimining almashish kartasi (takroriy)	113-Обменная карта амбулаторно-поликлинического учреждения и родильного отделения (дубликат)	113*	
docum-0001-00025	115-Homiladorning prenatal tekshiruv kartasi	115-Карта пренатального обследования беременной	115*	
docum-0001-00026	122-Donorni hisobga olish kartasi	122-Учетная карта донора	122*	
docum-0001-00027	124-Begʻaraz donor kartasi	124-Карта безвозмездного донора	124*	
docum-0001-00028	150-Qurilayotgan (ta'mirlanayotgan) obyekt boʻyicha ogohlantiruvchi sanitariya nazorati kartasi	150-Карта предупредительного санитарного надзора за строящимся (реконструируемым) объектом	150*	
docum-0001-00029	151-Joriy sanitariya nazoratiga olingan obyektning kartasi	151-Карта объекта, находящегося на текущем санитарном надзоре	151*	
docum-0001-00030	161-Yuqumli kasallik oʻchogʻini epidemiologik tekshirish kartasi	161-Карта эпидемиологического обследования очага инфекционного заболевания	161*	
docum-0001-00031	172-Kasb kasalliklarini (zaharlanishlarni) roʻyxatga olish kartasi	172-Карта учета профессионального заболевания (отравления)	172*	
docum-0001-00032	174-Zoonoz kasalligi oʻchogʻini epizootologik-epidemiologik tekshirish kartasi	174-Карта эпизоотолого-эпидемиологического обследования очага зоонозного заболевания	174*	
docum-0001-00033	Bemorning dispanser-nazorat kartasi (OITS Markazi shakli)	Диспансерно-контрольная карта больного (форма СПИД-центра)	Bemorning*	
docum-0002-00001	"001-ТИББИЙ МУАССАСАГА ҚАБУЛ ҚИЛИНГАН ЁКИ РАД ЭТИЛГАНЛАРНИ
ҲИСОБГА ОЛИШ  ЖУРНАЛИ"	001-Журнал регистрации обратившихся в медицинское учреждение	001*	
docum-0002-00002	"002-ҚАБУЛ ҚИЛИНГАН ва РАД  ЭТИЛГАН ҲОМИЛАДОРЛАРНИ, ТУҚҚАН
 АЁЛЛАРНИ ҲИСОБ ҚИЛИШ "	002-Журнал регистрации принятых беременных и родильниц	002*	
docum-0002-00003	006-Oʻtkazilgan narkozlarni qayd etish jurnali	006-Журнал регистрации проведенных наркозов	006*	
docum-0002-00004	008-Shifoxonadagi jarrohlik amaliyotini qayd etish jurnali	008-Журнал регистрации хирургических операций в стационаре	008*	
docum-0002-00005	009-Qon tarkibiy qismlari va preparatlari quyishni qayd etish jurnali	009-Журнал учета переливания компонентов и препаратов крови	009*	
docum-0002-00006	010-Tugʻruq boʻlimida tugʻruqlarni qayd etish jurnali	010-Журнал регистрации родов в родильном отделении	010*	
docum-0002-00007	012-Patologo-anatomik tekshirish uchun yorilgan murdalarni qayd etish jurnali	012-Журнал регистрации вскрытий для патолого-анатомического исследования		
docum-0002-00008	014-1-Seksion material patologo-gistologik tekshirishlarni qayd etish (jurnali)	014-1-Регистрация патолого-гистологических исследований секционного материала		
docum-0002-00009	014-2-Biopsiya va operatsiya materiallari yuzasidan tekshirishlarni qayd etish (jurnali)	014-2-Регистрация исследований биопсийного и операционного материала		
docum-0002-00010	015-Murdalarni qabul qilish va olib ketilishini (qayd etish jurnali)	015-Журнал приема и выдачи трупов		
docum-0002-00011	017-Rentgen tekshiruvlarini qayd etish jurnali	017-Журнал регистрации рентгеновских исследований	017*	
docum-0002-00012	019-KT va MRT tekshiruvlarini qayd etish jurnali	019-Журнал регистрации КТ и МРТ исследований	019*	
docum-0002-00013	020-EKG tekshiruvlarini qayd etish jurnali	020-Журнал регистрации ЭКГ исследований	020*	
docum-0002-00014	021-1-Endoskopik tekshiruvlarni qayd etish jurnali	021-1-Журнал регистрации эндоскопических исследований	021-1*	
docum-0002-00015	021-Ezofagogastroskopiya va Kolonoskopiya tekshiruvlarini qayd etish jurnali	021-Журнал регистрации исследований эзофагогастроскопии и колоноскопии	021*	
docum-0002-00016	23-Tez yordam chaqiruvlarini qayd etish jurnali	23-Журнал регистрации вызовов скорой помощи	23*	
docum-0002-00017	024-1-Shifokorning kundalik qabul jurnali	024-1-Ежедневный журнал приема врача	024-1*	
docum-0002-00018	024-2-Akusher-ginekolog (doya) jurnali	024-2-Журнал акушера-гинеколога (акушерки)	024-2-Akusher*	
docum-0002-00019	024-Ambulator poliklinikaga kelganlarni qayd etish jurnali	024-Регистрация обратившихся в амбулаторную поликлинику	024*	
docum-0002-00020	029-Muolaja xonasida qon namunalarini olishni qayd etish jurnali	029-Журнал регистрации забора образцов крови в процедурном кабинете	029*	
docum-0002-00021	029-Muolaja xonasida qon namunalarini olishni qayd etish jurnali (takroriy)	029-Журнал регистрации забора образцов крови в процедурном кабинете (дубликат)	029*	
docum-0002-00022	031-Fizioterapiya hamshirasining kundalik qabul jurnali	031-Ежедневный журнал приема физиотерапевтической медсестры	031*	
docum-0002-00023	031-Fizioterapiya hamshirasining kundalik qabul jurnali (takroriy)	031-Ежедневный журнал приема физиотерапевтической медсестры (дубликат)	031*	
docum-0002-00024	032-Tibbiy jihoz va asbob-uskunalarni sterilizatsiya boʻlimlariga topshirish va zararsizlantirishni qayd etish jurnali	032-Журнал передачи медицинского оборудования и инструментов в стерилизационные отделения и регистрации дезинфекции	032-Tibbiy jihoz va asbob*	
docum-0002-00025	032-Tibbiy jihoz va asbob uskunalarni zararsizlantirishni qayd etish va markaziy sterilizatsiya boʻlimlariga topshirish jurnali	032-Журнал регистрации дезинфекции медицинского оборудования и инструментов и их передачи в центральные стерилизационные отделения	032*	
docum-0002-00026	033-Asbob-uskunalarni qabul qilish va zararsizlantirish jurnali	033-Журнал приема и дезинфекции инструментов и оборудования	033-Asbob*	
docum-0002-00027	033-Asbob-uskunalarni qabul qilish va zararsizlantirish jurnali (takroriy)	033-Журнал приема и дезинфекции инструментов и оборудования (дубликат)	033-Asbob*	
docum-0002-00028	034-Qon tahlili natijalarini qayd qilish jurnali	034-Журнал регистрации результатов анализа крови	034*	
docum-0002-00029	034-Qon tahlili natijalarini qayd qilish jurnali (takroriy)	034-Журнал регистрации результатов анализа крови (дубликат)	034*	
docum-0002-00030	035-Shifokorlik maslahat komissiyasining xulosalarini yozish jurnali	035-Журнал записи заключений врачебно-консультативной комиссии (ВКК)	035*	
docum-0002-00031	036-Mehnatga layoqatsizlik varaqalarini qaydlash jurnali	036-Журнал регистрации листков нетрудоспособности	036*	
docum-0002-00032	036-Mehnatga layoqatsizlik varaqalarini qaydlash jurnali (takroriy)	036-Журнал регистрации листков нетрудоспособности (дубликат)	036*	
docum-0002-00033	038-Peshob, koprologiya va surtma tahlilini qayd qilish jurnali	038-Журнал регистрации анализов мочи, кала (копрология) и мазков	038*	
docum-0002-00034	038-Peshob, koprologiya va surtma tahlilini qayd qilish jurnali (takroriy)	038-Журнал регистрации анализов мочи, кала (копрология) и мазков (дубликат)	038*	
docum-0002-00035	051-Oila hamshirasining kundalik faoliyat jurnali	051-Журнал ежедневной деятельности семейной медсестры	051*	
docum-0002-00036	059-1-Muolajalarni qayd etish jurnali	059-1-Журнал регистрации процедур	059-1*	
docum-0002-00037	059-Katta hamshira yoki laborantkaning budjet hisobiga olgan dori vosita, diagnostikum, reaktiv va tibbiy buyumlarni miqdoriy hisobga olish jurnali	059-Журнал количественного учета лекарственных средств, диагностикумов, реактивов и медицинских изделий, полученных старшей медсестрой или лаборантом за счет бюджета	059*	
docum-0002-00038	059-Katta hamshira yoki laborantkaning budjet hisobiga olgan dori vosita, diagnostikum, reaktiv va tibbiy buyumlarni miqdoriy hisobga olish jurnali (takroriy)	059-Журнал количественного учета лекарственных средств, диагностикумов, реактивов и медицинских изделий, полученных старшей медсестрой или лаборантом за счет бюджета (дубликат)	059*	
docum-0002-00039	060-Yuqumli kasalliklarni qayd etish jurnali	060-Журнал регистрации инфекционных заболеваний	060*	
docum-0002-00040	064-Emlashni qayd etish jurnali	064-Журнал регистрации прививок	064*	
docum-0002-00041	067-Dnevnik kuzatuv (jurnali)	067-Дневник/Журнал наблюдения	067*	
docum-0002-00042	068-Tez tibbiy yordam stansiyasi va sanitar aviatsiyasi boʻlimlarida favqulodda vaziyatlarni hisobga olish jurnali	068-Журнал учета чрезвычайных ситуаций на станциях скорой медицинской помощи и в отделениях санитарной авиации	068*	
docum-0002-00043	070-Sanitar aviatsiyasi avtoulovlari faoliyatini roʻyxatga olish jurnali	070-Журнал регистрации деятельности автотранспорта санитарной авиации	070*	
docum-0002-00044	071-Sanitar aviatsiyasiga chaqiriqlarni qayd etish jurnali	071-Журнал регистрации вызовов санитарной авиации	071*	
docum-0002-00045	077-Tanatologiya boʻlimida murdalarni roʻyxatga olish jurnali	077-Журнал регистрации трупов в танатологическом отделении	077*	
docum-0002-00046	078-Sud-tibbiy ambulatoriyada shaxslarni roʻyxatga olish jurnali	078-Журнал регистрации лиц в судебно-медицинской амбулатории	078-Sud*	
docum-0002-00047	079-Qayta, komission, kompleks va murakkab (sud-tibbiy ekspertizalarni qayd etish jurnali)	079-Журнал учета повторных, комиссионных, комплексных и сложных (судебно-медицинских экспертиз)	079-Qayta, komission, kompleks va murakkab (sud*	
docum-0002-00048	080-Sud-biologik boʻlimda ashyoviy dalillarni va ularga (tegishli hujjatlarni qayd etish jurnali)	080-Журнал регистрации вещественных доказательств и относящихся к ним документов в судебно-биологическом отделении	080-Sud*	
docum-0002-00049	081-Sud-biologik boʻlimda murda qoni, surtma va tiqimlarni (qayd etish jurnali)	081-Журнал регистрации трупной крови, мазков и срезов в судебно-биологическом отделении	081-Sud*	
docum-0002-00050	082-Sud-gistologik boʻlinmada material va hujjatlarni roʻyxatga olish jurnali	082-Журнал регистрации материала и документов в судебно-гистологическом отделении	082-Sud*	
docum-0002-00051	085-Sud-kimyo boʻlimida ashyoviy dalillar va (tegishli hujjatlarni qayd etish jurnali)	085-Журнал регистрации вещественных доказательств в судебно-химическом отделении	085-Sud*	
docum-0002-00052	087-Sud-kimyo boʻlimida tirik shaxslardan narkologik tekshiruvlarni (qayd etish jurnali)	087-Журнал регистрации наркологических исследований живых лиц в судебно-химическом отделении	087-Sud*	
docum-0002-00053	088-1-Ma'lumotlarni yigʻish jurnali	088-1-Журнал сбора данных	088-1*	
docum-0002-00054	088-Fuqarolar murojaatlarini qayd etish jurnali	088-Журнал регистрации обращений граждан	088*	
docum-0002-00055	092-Tibbiy kriminalistika boʻlimida ashyoviy dalillar va ularga tegishli hujjatlarni roʻyxatga olish jurnali	092-Журнал регистрации вещественных доказательств и относящихся к ним документов в отделении медицинской криминалистики	092*	
docum-0002-00056	102-Chaqaloqlar boʻlimi (xona) jurnali	102-Журнал отделения (палаты) новорожденных	102*	
docum-0002-00057	106-2-Perinatal oʻlim guvohnomasini qayd etish jurnali	106-2-Журнал регистрации свидетельств о перинатальной смерти	106-2*	
docum-0002-00058	106-Oʻlim guvohnomasini qayd etish jurnali	106-Журнал регистрации свидетельств о смерти	106*	
docum-0002-00059	106-Oʻlim guvohnomasini qayd etish jurnali (takroriy)	106-Журнал регистрации свидетельств о смерти (дубликат)	106*	
docum-0002-00060	120-Qon topshirgan donorga beriladigan ma'lumotnomalarni qayd etish jurnali	120-Регистрация справок, выданных донорам крови	120*	
docum-0002-00061	121-Donorlar boʻlimiga murojaat qilgan begʻaraz donorlarni qayd etish jurnali	121-Регистрация безвозмездных доноров, обратившихся в донорский отдел	121*	
docum-0002-00062	123-Donorlardan plazma va sitaferez usuli bilan qon komponentlarini (tayyorlashni qayd etish jurnali)	123-Журнал заготовки компонентов крови от доноров методами плазма- и цитафереза	123*	
docum-0002-00063	125-Komissiya ishtirokida qon olishni qayd etish jurnali	125-Журнал регистрации заготовки крови с участием комиссии	125*	
docum-0002-00064	126-Toʻliq qon tayyorlashni hisobga olish jurnali	126-Журнал учета заготовки цельной крови	126*	
docum-0002-00065	127-ABO tizimidagi standart va rezusga qarshi zardobni tayyorlash uchun (qayd etish jurnali)	127-Журнал приготовления стандартных сывороток системы АВ0 и антирезус	127*	
docum-0002-00066	128-ABO tizimi boʻyicha tayyorlangan standart va rezusga qarshi zardobni (qayd etish jurnali)	128-Журнал учета приготовленных стандартных сывороток системы АВ0 и антирезус	128*	
docum-0002-00067	129-Donorlar qon guruhi va rezus-faktori natijalarini roʻyxatga olish jurnali	129-Журнал регистрации результатов определения группы крови и резус-фактора доноров	129-Donorlar qon guruhi va rezus*	
docum-0002-00068	130-Qonni brutsellyozga serologik tekshirish jurnali	130-Журнал серологического исследования крови на бруцеллез	130*	
docum-0002-00069	131-Konservlangan qon va uning komponentlarini sterillikka tekshirish jurnali	131-Журнал исследования на стерильность консервированной крови и ее компонентов	131*	
docum-0002-00070	132-Yaroqsiz qon komponentlarini yoʻq qilishni qayd etish jurnali	132-Журнал регистрации утилизации непригодных компонентов крови	132*	
docum-0002-00071	133-Begʻaraz donorlardan tayyorlangan komponentlarni hisobga olish jurnali	133-Журнал учета компонентов, приготовленных от безвозмездных доноров	133*	
docum-0002-00072	134-Kriopretsipitat tayyorlashni qayd etish jurnali	134-Журнал приготовления криопреципитата	134*	
docum-0002-00073	135-Plazma tayyorlashni qayd etish jurnali (trombokonsentrat, antistafilokokk plazma)	135-Журнал приготовления плазмы (тромбоконцентрат, антистафилококковая плазма и др.)	135*	
docum-0002-00074	136-Yuvilgan eritrotsitlarni tayyorlashni qayd etish jurnali	136-Журнал приготовления отмытых эритроцитов	136*	
docum-0002-00075	137-Davolash-profilaktika muassasalariga beriladigan tayyor qon mahsulotlarini (qayd etish jurnali)	137-Журнал выдачи готовых препаратов крови лечебно-профилактическим учреждениям	137-Davolash*	
docum-0002-00076	137-Qon komponentlarini qon zahiralarini boshqarish ekspeditsiya boʻlimiga (topshirish jurnali)	137-Журнал передачи компонентов крови в экспедицию отдела запасов крови	137*	
docum-0002-00077	140-Qon preparatlarini ekspeditsiyaga topshirishni (qayd etish jurnali)	140-Журнал сдачи препаратов крови в экспедицию	140*	
docum-0002-00078	141-Qon preparatlari boʻlimiga kirim qilingan plazmalarni qayd etish jurnali	141-Журнал регистрации плазмы, поступившей в отдел препаратов крови	141*	
docum-0002-00079	142-OIVga seropozitiv donorlarni roʻyxatga olish jurnali (IFA va IBL)	142-Журнал регистрации ВИЧ-серопозитивных доноров (ИФА и иммуноблот)	142*	
docum-0002-00080	143-Zahm, HCV, HBsAg va OIVga tekshirishlarni qayd etish jurnali	143-Журнал регистрации исследований на сифилис, HCV, HBsAg и ВИЧ	143*	
docum-0002-00081	144-Donorlarning klinik va biokimik tahlillarini qayd etish jurnali	144-Журнал регистрации клинических и биохимических анализов доноров	144*	
docum-0002-00082	145-Davlat sanitariya nazoratiga olingan obyektlarni roʻyxatga olish jurnali	145-Журнал регистрации объектов, взятых на государственный санитарный надзор	145*	
docum-0002-00083	146-Qurilish uchun ajratilgan yer-maydoni boʻyicha jurnal	146-Журнал по земельным участкам, выделенным под строительство	146-Qurilish uchun ajratilgan yer*	
docum-0002-00084	147-Qurilish uchun ajratilgan yer maydoniga berilgan xulosalarni roʻyxatga olish jurnali	147-Журнал регистрации заключений, выданных на земельные участки, выделенные под строительство	147*	
docum-0002-00085	149-Loyiha boʻyicha berilgan xulosalarni roʻyxatga olish jurnali	149-Журнал регистрации заключений, выданных по проектам	149*	
docum-0002-00086	158-Yuqumli kasallik bilan ogʻrigan bemorlarni evakuatsiya qilishni qayd etish jurnali	158-Журнал регистрации эвакуации больных с инфекционными заболеваниями	158*	
docum-0002-00087	159-Kiyimlar, oʻrindiq anjomlari, oyoq kiyimi va boshqa narsalarni dezkamerada dezinfeksiya (dezinseksiya) qilinishini hisobga olish jurnali	159-Журнал учета дезинфекции (дезинсекции) одежды, постельных принадлежностей, обуви и других вещей в дезкамере	159*	
docum-0002-00088	160-Yuqumli kasalliklar oʻchogʻida oʻtkazilgan dezinfeksiyani hisobga olish jurnali	160-Журнал учета дезинфекции, проведенной в очаге инфекционных заболеваний	160*	
docum-0002-00089	162-Ovqatdan zaharlanish holatlarini roʻyxatga olish jurnali	162-Журнал регистрации случаев пищевых отравлений	162*	
docum-0002-00090	163-Ovqatdan zaharlanganda va kasb kasalligi qayd qilinganda shoshilinch xabarlarni roʻyxatga olish jurnali	163-Журнал регистрации экстренных извещений при пищевых отравлениях и профессиональных заболеваниях	163*	
docum-0002-00091	165-Ajratib olingan brutsellalarning tavsifnomasi qayd etish jurnali	165-Журнал регистрации характеристик выделенных культур бруцелл	165*	
docum-0002-00092	167-Sut va sut mahsulotlarini brutsellyozga serologik tekshirishni qayd etish jurnali	167-Журнал регистрации серологического исследования молока и молочных продуктов на бруцеллез	167*	
docum-0002-00093	169-Tashqi muhit obyektlaridan (odamlardan) olingan namunalarni kuydirgi kasalligiga bakteriologik va serologik tekshirish jurnali	169-Журнал бактериологического и серологического исследования проб с объектов внешней среды (от людей) на сибирскую язву	169*	
docum-0002-00094	170-Bioprobalarni qayd etish jurnali	170-Журнал регистрации биопроб	170*	
docum-0002-00095	173-Quturish kasalligi bilan oʻlganlardan olingan patmaterialni tekshirish jurnali	173-Журнал исследования патматериала от умерших от бешенства	173*	
docum-0002-00096	176-Oziq-ovqat mahsulotlarida antibiotiklarning qoldiq miqdorini aniqlash boʻyicha oʻtkazilgan laboratoriya tekshiruvlarini roʻyxatga olish jurnali	176-Журнал регистрации лабораторных исследований по определению остаточных количеств антибиотиков в пищевых продуктах	176-Oziq*	
docum-0002-00097	181-OIV infeksiyasi tasdiqlangan bemorlarni dispanser nazoratiga olish JURNALI	181-Журнал диспансерного учета больных с подтвержденной ВИЧ-инфекцией	181*	
docum-0002-00098	182-Anonim xonaga murojaat etgan shaxslardan qon olishni qayd qilish JURNALI	182-Журнал регистрации забора крови у лиц, обратившихся в анонимный кабинет	182*	
docum-0002-00099	183-OIV infeksiyali bemorlarga ARV preparatlarini tarqatish va hisobga olish JURNALI	183-Журнал выдачи и учета АРВ-препаратов ВИЧ-инфицированным больным	183*	
docum-0002-00100	184-OIV infeksiyasiga polimeraza zanjirli reaksiya (PZR-DNK,VYU) usulida tekshirilganlar JURNALI	184-Журнал обследования на ВИЧ-инфекцию методом полимеразной цепной реакции (ПЦР-ДНК, Вирусная нагрузка)	184-OIV infeksiyasiga polimeraza zanjirli reaksiya (PZR*	
docum-0002-00101	185-OIV infeksiyali bemorlarni immunologik (SD4 hujayralar)ga tekshiruvlarni qayd etish JURNALI	185-Журнал регистрации иммунологических (CD4-клетки) обследований ВИЧ-инфицированных больных	185*	
docum-0002-00102	187-Ajratilgan kulturalar va ularni yoʻq qilinishini qayd qilish jurnali	187-Журнал регистрации выделенных культур и их уничтожения	187*	
docum-0002-00103	188-Patogen biologik agentlar (PBA)ning harakatini qayd qilish jurnali	188-Журнал движения патогенных биологических агентов (ПБА)	188*	
docum-0002-00104	189-Muzeydagi kulturalarning inventar kitobi (kartotekasi)	189-Инвентарная книга (картотека) музейных культур	189*	
docum-0002-00105	190-Yuqumli materiallarni avtoklavda zararsizlantirishni hisobga olish jurnali	190-Журнал учета автоклавирования (стерилизации) инфекционных материалов	190*	
docum-0002-00106	191-Vabo qoʻzgʻatuvchisiga odamlardan olingan tahlillarni qayd qilish jurnali	191-Журнал регистрации анализов от людей на возбудителя холеры	191*	
docum-0002-00107	192-Vabo qoʻzgʻatuvchisiga atrof-muhit obyektlaridan olingan materiallarni qayd qilish jurnali	192-Журнал регистрации материалов с объектов окружающей среды на возбудителя холеры	192-Vabo qoʻzgʻatuvchisiga atrof*	
docum-0002-00108	193-Ajratilgan O1 seroguruhga mansub vabo vibrioni kulturalarining tavsifnomasi jurnali	193-Журнал характеристик выделенных культур холерного вибриона серогруппы О1	193*	
docum-0002-00109	198-Shtammlarni berishni hisobga olish (jurnali)	198-Учет выдачи штаммов	198*	
docum-0002-00110	199-Chet eldan shtammlarni qabul qilish jurnali	199-Журнал приема штаммов из-за рубежа	199*	
docum-0002-00111	200-Liofilizatsiya uchun keltirilgan shtammlar harakati jurnali	200-Журнал движения штаммов, поступивших на лиофилизацию	200*	
docum-0002-00112	203-Ajratilgan kuydirgi qoʻzgʻatuvchisi shtammlarini qayd qilish va identifikatsiya natijalari jurnali	203-Журнал регистрации и результатов идентификации выделенных штаммов возбудителя сибирской язвы	203*	
docum-0002-00113	204-Hayvonlarni yorish va tekshiruv natijalarini qayd qilish jurnali	204-Журнал регистрации вскрытия животных и результатов исследования	204*	
docum-0002-00114	211-Bezgakka chalingan hududlardan kelganlarni roʻyxatdan oʻtkazish (jurnali)	211-Регистрация прибывших из малярийных очагов	211*	
docum-0002-00115	212-Bezgak va qaytalama tifga qon preparatlarini tekshiruvlarini roʻyxatga olish jurnali	212-Журнал регистрации исследований препаратов крови на малярию и возвратный тиф	212*	
docum-0002-00116	213-Gelmintologik tekshirishlarni roʻyxatga olish jurnali	213-Журнал регистрации гельминтологических исследований	213*	
docum-0002-00117	214-Dezinfeksiya vositalarining natijalarini qayd etish jurnali	214-Журнал регистрации результатов исследования дезинфицирующих средств	214*	
docum-0002-00118	218-Jarima solish jurnali	218-Журнал наложения штрафов	218*	
docum-0002-00119	222-Ichimlik suvini tekshirish va natijalarini qayd etish jurnali	222-Журнал исследования питьевой воды и регистрации результатов	222*	
docum-0002-00120	227-Muhitlarni tayyorlashni qayd qilish jurnali	227-Журнал приготовления питательных сред	227*	
docum-0002-00121	228-Ozuqa muhitlarni zararsizlantirish jurnali	228-Журнал стерилизации питательных сред	228*	
docum-0002-00122	229-Mikrobiologik tekshirishlarni qayd qilish jurnali (analizlarning nomini yozish lozim)	229-Журнал регистрации микробиологических исследований (указать наименования анализов)	229*	
docum-0002-00123	230-Leyshmanioz kasalligiga tekshirishlarni roʻyxatga olish jurnali	230-Журнал регистрации исследований на лейшманиоз	230*	
docum-0002-00124	Qon tahlili natijalarini qayd qilish jurnali (laboratoriya nusxasi)	Журнал регистрации результатов анализа крови (лабораторный экземпляр)	Qon*	
docum-0003-00001	3-ilova Blanklar roʻyxati	Приложение 3 Список бланков	3*	
docum-0003-00002	005-Narkoz varaqasi	005-Наркозный лист	005*	
docum-0003-00003	007-Bemorning kelib ketishi va shifoxonaning oʻrin fondini foydalanish (varaqasi/jurnali)	007-Ведомость учета движения больных и использования коечного фонда стационара	007*	
docum-0003-00004	011-Bola (homila) rivojlanishining tugʻma nuqsoni va xromosom buzilishlar bilan tugʻilganlik toʻgʻrisida bildirishnoma	011-Извещение о рождении ребенка (плода) с врожденными пороками развития и хромосомными нарушениями	011*	
docum-0003-00005	013-Patologo-anatomik tadqiqot bayoni №	013-Протокол патолого-анатомического исследования №	013-Patologo*	
docum-0003-00006	014-Patologo-gistologik tadqiqot uchun yoʻllanma	014-Направление на патолого-гистологическое исследование	014-Patologo*	
docum-0003-00007	016-Shifoxona boʻlimi, kunduzgi shifoxona yoki ixtisosligiga koʻra oʻrinlar fondi vedemosti	016-Ведомость коечного фонда отделения больницы, дневного стационара или по специализации	016*	
docum-0003-00008	018-UZD protokollari	018-Протоколы УЗИ	018*	
docum-0003-00009	018-UZD protokollari (takroriy)	018-Протоколы УЗИ (дубликат)	018*	
docum-0003-00010	025-2 Yakuniy (aniq) tashxislarni qaydlash uchun Statistik talon	025-2 Статистический талон для регистрации заключительных (уточненных) диагнозов	025*	
docum-0003-00011	027-Tibbiy muassasadagi bemorning tibbiy bayonnomasidan koʻchirma	027-Выписка из медицинской карты больного в медицинском учреждении	027*	
docum-0003-00012	030-2 Psixonevrologik muassasaning dispanser roʻyxatidan oʻchirilgan bemor uchun statistik talon	030-2 Статистический талон на больного, снятого с диспансерного учета психоневрологического учреждения	030*	
docum-0003-00013	037-1 Ona va bola skrining markazida perinatal tekshiruvdan oʻtishga yoʻllanma	037-1 Направление на перинатальное обследование в центре скрининга матери и ребенка	037*	
docum-0003-00014	037-Yoʻllanma almashish varaqasi	037-Обменная карта (направление)	037*	
docum-0003-00015	039-Ambulator poliklinika muassasalariga, uylarga vrach qatnovlarining qaydlov bildirishnomasi	039-Учетная ведомость посещений врача в амбулаторно-поликлинических учреждениях и на дому	039*	
docum-0003-00016	40-Siydik tahlili blankasi	40-Бланк анализа мочи	40*	
docum-0003-00017	40-Siydik tahlili blankasi (takroriy)	40-Бланк анализа мочи (дубликат)	40*	
docum-0003-00018	41-Balgʻam tahlili blankasi	41-Бланк анализа мокроты	41*	
docum-0003-00019	41-Balgʻam tahlili blankasi (takroriy)	41-Бланк анализа мокроты (дубликат)	41*	
docum-0003-00020	042-Spermogramma blankasi	042-Бланк спермограммы	042*	
docum-0003-00021	043-Tibbiy ma'lumotnoma (chet el fuqarolari uchun) (takroriy)	043-Медицинская справка (для иностранных граждан) (дубликат)	043*	
docum-0003-00022	044-Chet elga ketayotganlar uchun tibbiy ma'lumotnoma	044-Медицинская справка для выезжающих за границу	044*	
docum-0003-00023	046-Prostata bezi shirasining tahlili blankasi	046-Бланк анализа секрета предстательной железы	046*	
docum-0003-00024	047-TORCH infeksiyasi tahlili blankasi	047-Бланк анализа на TORCH-инфекции	047*	
docum-0003-00025	048-Najas tahlili blankasi (takroriy)	048-Бланк анализа кала (дубликат)	048*	
docum-0003-00026	049-Duodenal shirasi tahlili blankasi	049-Бланк анализа дуоденального содержимого	049*	
docum-0003-00027	050-Orqa miya suyuqligi tahlili blankasi	050-Бланк анализа спинномозговой жидкости (ликвора)	050*	
docum-0003-00028	052-Qonning umumiy tahlili blankasi (takroriy)	052-Бланк общего анализа крови (ОАК) (дубликат)	052*	
docum-0003-00029	054-Suyak ilik puntati tahlili blankasi	054-Бланк анализа костномозгового пунктата	054*	
docum-0003-00030	055-Qonning biokimyoviy tahlili blankasi	055-Бланк биохимического анализа крови	055*	
docum-0003-00031	055-Qonning biokimyoviy tahlili blankasi (takroriy)	055-Бланк биохимического анализа крови (дубликат)	055*	
docum-0003-00032	056-Qondagi gormonlarni tekshirish blankasi	056-Бланк анализа крови на гормоны	056*	
docum-0003-00033	057-Koagulogramma blankasi	057-Бланк коагулограммы	057*	
docum-0003-00034	058-Yuqumli kasallik, oziq-ovqatdan oʻtkir, kasbiga koʻra ish joyida zaharlanish, emlanganda oʻzgacha reaksiyalar haqida tezkor xabar	058-Экстренное извещение об инфекционном заболевании, остром пищевом, профессиональном отравлении, необычной реакции на прививку	058-Yuqumli kasallik, oziq*	
docum-0003-00035	058-Yuqumli kasallik, oziq-ovqatdan oʻtkir, kasbiga koʻra ish joyida zaharlanish, emlanganda oʻzgacha reaksiyalar haqida tezkor xabar (takroriy)	058-Экстренное извещение об инфекционном заболевании, остром пищевом, профессиональном отравлении, необычной реакции на прививку (дубликат)	058-Yuqumli kasallik, oziq*	
docum-0003-00036	059-2 Shoshilinch (tez) tibbiy yordam koʻrsatish postidan foydalanilgan budjet dori vositasi hisoboti	059-2 Учет бюджетных лекарственных средств, использованных на посту скорой (неотложной) медицинской помощи	059*	
docum-0003-00037	059-2-APM va shoshilinch (tez) tibbiy yordam koʻrsatish postidan foydalangan budjet dori vositasi hisoboti	059-2-Учет бюджетных лекарственных средств, использованных в АПУ и на посту скорой (неотложной) медицинской помощи	059-2*	
docum-0003-00038	059-3 Tez tibbiy yordam muassasalarida (dori vositalari/sarflash materiallari hisoboti)	059-3 Учет [лекарственных средств/расходных материалов] в учреждениях скорой медицинской помощи	059*	
docum-0003-00039	065-Kuzatuv varaqasi	065-Лист наблюдения	065*	
docum-0003-00040	069-Tez tibbiy yordam stansiyasi xabar varaqasi	069-Извещение станции скорой медицинской помощи	069*	
docum-0003-00041	072-Sanitar aviatsiyasi maslahatchi shifokor varaqasi	072-Карта врача-консультанта санитарной авиации	072*	
docum-0003-00042	073-Sud-tibbiy tekshiruv (hujjati)	073-Судебно-медицинское исследование (акт/заключение)	073-Sud*	
docum-0003-00043	074-Ekspert xulosasi №	074-Экспертное заключение №	074*	
docum-0003-00044	075-Sud-tibbiy laboratoriya va mutaxassis maslahatiga yoʻllanma dalolatnomasi	075-Акт-направление на судебно-медицинское лабораторное исследование и консультацию специалиста	075-Sud*	
docum-0003-00045	076-Sud-gistologik tekshiruvga yoʻllanma	076-Направление на судебно-гистологическое исследование	076-Sud*	
docum-0003-00046	083-Mikrodonor olingan qon (hisobga olish varaqasi)	083-Учет забора крови у микродоноров	083*	
docum-0003-00047	084-Kiyim, ashyoviy dalillar, qimmatbaho buyumlar (hisobga olish varaqasi)	084-Учет одежды, вещественных доказательств, ценностей	084*	
docum-0003-00048	086-1 Tibbiy ma'lumotnoma (shifokor mutaxassisning tibbiy xulosasi) sudyalik lavozimiga tayinlanadigan nomzodlar uchun toʻldiriladi (takroriy)	086-1 Медицинская справка (медицинское заключение врача-специалиста) для кандидатов, назначаемых на должность судьи (дубликат)	086*	
docum-0003-00049	086-Tibbiy ma'lumotnoma (maslahatchi shifokor mutaxassisning tibbiy xulosasi) Oliy oʻquv yurtlari, litsey, kollejlarga kiruvchilar uchun	086-Медицинская справка (медицинское заключение врача-консультанта) для поступающих в высшие учебные заведения, лицеи, колледжи	086*	
docum-0003-00050	93-Mikrobiologik tekshiruv natijasi blankasi	93-Бланк результата микробиологического исследования	93*	
docum-0003-00051	094-Kimyo-terapevtik preparatlarga ajratilgan (chiqim qaydnomasi)	094-Учет (отпуск) химиотерапевтических препаратов	094-Kimyo*	
docum-0003-00052	095-Antistreptolizin-O, S-reaktiv oqsili va revmatoid omiliga qonni tekshirish tahlili blankasi	095-Бланк анализа крови на антистрептолизин-О, С-реактивный белок и ревматоидный фактор	095-Antistreptolizin-O, S*	
docum-0003-00053	095-Talaba/maktab oʻquvchisi mehnatga layoqatsizlik ma'lumotnomasi	095-Справка о нетрудоспособности студента/учащегося школы	095*	
docum-0003-00054	098-Gepatit “B” antigeni – HBsAg, gepatit “C” – anti-HCV tahlili blankasi (takroriy)	098-Бланк анализа на антиген гепатита В (HBsAg), гепатит С (анти-HCV) (дубликат)	098-Gepatit “B” antigeni – HBsAg, gepatit “C” – anti*	
docum-0003-00055	099-Shifokor-laborantning har kunlik ishini hisob etish varagʻi	099-Лист учета ежедневной работы врача-лаборанта	099-Shifokor*	
docum-0003-00056	100-Rezus-faktor va qon gruppasi tahlili blankasi №	100-Бланк анализа на резус-фактор и группу крови №	100-Rezus*	
docum-0003-00057	101-Klinik-diagnostik laboratoriya mielogramma blankasi	101-Бланк миелограммы клинико-диагностической лаборатории	101-Klinik*	
docum-0003-00058	103-Homila xromosom sindromiga prenatal invaziv rozilik bildirishnomasi	103-Информированное согласие на пренатальную инвазивную процедуру при хромосомном синдроме плода	103*	
docum-0003-00059	104-Invaziv muolaja bayonnomasi	104-Протокол инвазивной процедуры	104*	
docum-0003-00060	105-Homila xromosom sindromiga perinatal invaziv muolaja bayonnomasi	105-Протокол перинатальной инвазивной процедуры при хромосомном синдроме плода	105*	
docum-0003-00061	106 Oʻlim guvohnomasi	106 Свидетельство о смерти	106*	
docum-0003-00062	106 Oʻlim guvohnomasi (takroriy)	106 Свидетельство о смерти (дубликат)	106*	
docum-0003-00063	107-Homila xromosom sindromiga perinatal invaziv muolaja rad etish varaqasi	107-Отказ от перинатальной инвазивной процедуры при хромосомном синдроме плода	107*	
docum-0003-00064	108-Trimester biokimyoviy prenatal (skriningi)	108-Бланк биохимического пренатального скрининга (по триместрам)	108*	
docum-0003-00065	109-I/II trimestr prenatal biokimyoviy tekshiruv xulosasi	109-Заключение пренатального биохимического исследования I/II триместра	109*	
docum-0003-00066	114-Tibbiy genetik xulosasi	114-Медико-генетическое заключение	114*	
docum-0003-00067	116-Neonatal skrining tahlili blankasi	116-Бланк неонатального скрининга	116*	
docum-0003-00068	117-Tandem mass-spektrometriya tahlili blankasi	117-Бланк тандемной масс-спектрометрии	117-Tandem mass*	
docum-0003-00069	118-Kariotip tahlili blankasi	118-Бланк анализа кариотипа	118*	
docum-0003-00070	119-Ter sinamasi tahlili blankasi	119-Бланк потовой пробы	119*	
docum-0003-00071	139-Qon tarkibiy qismlari va preparatlarini olish uchun (talabnoma)	139-Требование на получение компонентов и препаратов крови	139*	
docum-0003-00072	148-Loyiha boʻyicha xulosa	148-Заключение по проекту	148*	
docum-0003-00073	152-Bolalarni dam olishdirish va sogʻlomlashtirish joylariga olib chiqish uchun beriladigan sanitariya ruxsatnomasi	152-Санитарное разрешение на вывоз детей в места отдыха и оздоровления	152*	
docum-0003-00074	153-Suv namunasini olish dalolatnomasi (akt)	153-Акт отбора проб воды	153*	
docum-0003-00075	154-Oziq-ovqat mahsulotlaridan namunalar olish boʻyicha ___ -sonli dalolatnoma	154-Акт № ___ отбора проб пищевых продуктов	154-Oziq-ovqat mahsulotlaridan namunalar olish boʻyicha ___ *	
docum-0003-00076	155-Qishloq xoʻjaligi va oziq-ovqat mahsulotlari namunalarida pestitsidlar qoldiq miqdorlarini aniqlash boʻyicha ___-sonli dalolatnoma	155-Акт № ___ определения остаточных количеств пестицидов в пробах сельскохозяйственной и пищевой продукции	155-Qishloq xoʻjaligi va oziq-ovqat mahsulotlari namunalarida pestitsidlar qoldiq miqdorlarini aniqlash boʻyicha ___*	
docum-0003-00077	156-Tashqi muhit anjomlaridan surtmalar olish boʻyicha ___-sonli dalolatnoma	156-Акт № ___ взятия смывов с объектов внешней среды	156-Tashqi muhit anjomlaridan surtmalar olish boʻyicha ___*	
docum-0003-00078	157-Yuqumli kasallik bilan ogʻrigan bemorni ___-sonli koʻchirish (evakuatsiya) naryadi	157-Наряд № ___ на эвакуацию больного с инфекционным заболеванием	157-Yuqumli kasallik bilan ogʻrigan bemorni ___*	
docum-0003-00079	164-Degelmintizatsiya tadbirlari (qaydnomasi)	164-Учет мероприятий по дегельминтизации	164*	
docum-0003-00080	166-Qonni brutsellyozga serologik tekshirish (blankasi/natijasi)	166-Бланк серологического исследования крови на бруцеллез	166*	
docum-0003-00081	168-Suv havzasining tavsifnomasi	168-Паспорт (характеристика) водоема	168*	
docum-0003-00082	171-Kuydirgi mikrobining xususiyatlari tavsifnomasi	171-Характеристика (паспорт) культуры возбудителя сибирской язвы	171*	
docum-0003-00083	175-Zoonoz kasalligi oʻchogʻini epizootologik-epidemiologik tekshirish kartasiga ilova varagʻi	175-Лист-вкладыш к карте эпизоотолого-эпидемиологического обследования очага зоонозного заболевания	175-Zoonoz kasalligi oʻchogʻini epizootologik*	
docum-0003-00084	177-Rentgen kabinetidan foydalanish huquqi boʻyicha sanitariya pasporti	177-Санитарный паспорт на право эксплуатации рентгеновского кабинета	177*	
docum-0003-00085	178-Ionlashtiruvchi nur manbalari bilan ishlash huquqini beruvchi ___-sonli sanitariya-epidemiologik xulosa	178-Санитарно-эпидемиологическое заключение № ___ на право работ с источниками ионизирующего излучения	178-Ionlashtiruvchi nur manbalari bilan ishlash huquqini beruvchi ___-sonli sanitariya*	
docum-0003-00086	179-Radioaktiv moddalar va materiallarni, ionlashtiruvchi nurlar va radioaktiv chiqindilarni doimiy tashish uchun maxsus avtomashinaga berilgan dalolatnoma	179-Акт, выданный на специальный автотранспорт для постоянной перевозки радиоактивных веществ и материалов, ионизирующего излучения и радиоактивных отходов	179*	
docum-0003-00087	186-Tekshirish uchun yuborilgan patogen biologik agentlarni (qayd etish varaqasi)	186-Учет патогенных биологических агентов, направленных на исследование	186*	
docum-0003-00088	194-Shtamm pasporti (brutsellyoz)	194-Паспорт штамма (бруцеллез)	194*	
docum-0003-00089	195-...guruhga mansub vibrionlarni tekshirish natijasi	195-Результат исследования вибрионов, относящихся к ... группе	195*	
docum-0003-00090	196-Zoonoz kasalliklariga tekshiruv xulosasi	196-Заключение обследования на зоонозные заболевания	196*	
docum-0003-00091	197-Identifikatsiyaga yuborilgan kulturalarning tekshirish natijasi	197-Результат исследования культур, направленных на идентификацию	197*	
docum-0003-00092	201-I-II guruh infeksiyalar qoʻzgʻatuvchilarini yoʻq qilish dalolatnomasi	201-Акт уничтожения возбудителей инфекций I-II групп	201-I*	
docum-0003-00093	202-Shtammlarni qabul qilish dalolatnomasi	202-Акт приема штаммов	202*	
docum-0003-00094	205-Hayvondan jarohat olganda toʻldiriladigan shakl	205-Форма, заполняемая при травме от животного (например, укусе)	205*	
docum-0003-00095	206-Birlamchi rayon sektorlarini tekshiruv natijalari	206-Результаты обследования первичных районных секторов	206*	
docum-0003-00096	207-Tuproqdan olingan namunalarni radiologik tekshirish bayonnomasi	207-Протокол радиологического исследования проб почвы	207*	
docum-0003-00097	208-Oʻsimliklardan olingan namunalarni radiologik tekshirish bayonnomasi	208-Протокол радиологического исследования проб растений	208*	
docum-0003-00098	209-Qurilish xulosasi	209-Заключение по строительству	209*	
docum-0003-00099	210-Qurilishni qabul qilish xulosasi	210-Заключение о приемке строительства	210*	
docum-0003-00100	215-Ult binafsha (UV) nurlanish protokoli	215-Протокол ультрафиолетового облучения	215*	
docum-0003-00101	216-Sanitariya-gigiyena qoidalari buzilganligi haqida bayonnoma shakli	216-Форма протокола о нарушении санитарно-гигиенических правил	216-Sanitariya*	
docum-0003-00102	217-Jarima solish qarori	217-Постановление о наложении штрафа	217*	
docum-0003-00103	219-Ma'muriy huquqbuzarlik toʻgʻrisidagi (bayonnoma)	219-Протокол об административном правонарушении	219*	
docum-0003-00104	220-Ishdan chetlatish taklifi	220-Представление об отстранении от работы	220*	
docum-0003-00105	221-Taqiqlash qarori	221-Постановление о запрещении	221*	
docum-0003-00106	223-Tuproq namunalarini tekshirish boʻyicha ___-sonli dalolatnoma (akt)	223-Акт № ___ исследования проб почвы	223-Tuproq namunalarini tekshirish boʻyicha ___*	
docum-0003-00107	224-Sanitariya-epidemiologik tekshiruv dalolatnomasi	224-Акт санитарно-эпидемиологического обследования	224-Sanitariya*	
docum-0003-00108	225-Quturish kasalligiga patologik materialga yoʻllanma (yangi forma, kommentariy bilan)	225-Направление патматериала на исследование на бешенство (новая форма с комментарием)	225*	
docum-0003-00109	226-Kasallik qoʻzgʻatuvchi mikroblar bilan ifloslangan materiallarni zararsizlantirish (qaydnomasi)	226-Обеззараживание материалов, контаминированных патогенными микробами	226*	
docum-0003-00110	231-OʻzR SSV KUX YUKMM tomonidan oʻlat qoʻzgʻatuvchisini 20__ y. __dan __gacha ajratilgan kultura toʻgʻrisida xabarnoma	231-Извещение от МЗ РУз [КУХЮКММ] о выделенной культуре возбудителя чумы с 20__ г. с __ по __	231*	
docum-0003-00111	Qonning biokimyoviy tahlili blankasi (laboratoriya nusxasi)	Бланк биохимического анализа крови (лабораторный экземпляр)	Qonning*	
docum-0003-00112	Qonning umumiy tahlili blankasi	Бланк общего анализа крови (ОАК)	Qonning*	
docum-0003-00113	Qonning umumiy tahlili blankasi (laboratoriya nusxasi)	Бланк общего анализа крови (ОАК) (лабораторный экземпляр)	Qonning*	
docum-0003-00114	Yuqumli kasallik, oziq-ovqatdan oʻtkir, kasbiga koʻra ish joyida zaharlanish, emlanganda oʻzgacha reaksiyalar haqida tezkor xabar (takroriy)	Экстренное извещение об инфекционном заболевании, остром пищевом, профессиональном отравлении, необычной реакции на прививку (дубликат)	Yuqumli kasallik, oziq*	
docum-0003-00115	Gepatit “B” antigeni – HBsAg, gepatit “C” – anti-HCV tahlili blankasi	Бланк анализа на антиген гепатита В (HBsAg), гепатит С (анти-HCV)	Gepatit “B” antigeni – HBsAg, gepatit “C” – anti*	
docum-0003-00116	Tibbiy ma'lumotnoma (chet el fuqarolari uchun)	Медицинская справка (для иностранных граждан)	Tibbiy*	
docum-0003-00117	Tibbiy ma'lumotnoma (shifokor mutaxassisning tibbiy xulosasi) sudyalik lavozimiga tayinlanadigan nomzodlar uchun toʻldiriladi	Медицинская справка (медицинское заключение врача-специалиста) для кандидатов, назначаемых на должность судьи	Tibbiy*	
docum-0003-00118	Tibbiy ma'lumotnoma №	Медицинская справка №	Tibbiy*	
docum-0003-00119	Retsept blankasi	Рецептурный бланк	Retsept*	
docum-0003-00120	Poliklinika, sanitariya-epidemiologiya osoyishtalik agentligi boʻlinmasiga yoʻllanma	Направление в поликлинику, подразделение агентства санитарно-эпидемиологического благополучия	Poliklinika, sanitariya*	
docum-0003-00121	Najas tahlili blankasi	Бланк анализа кала	Najas*	
